,Optimizer,Run_Time
0,SSA,197.4314867
1,GWO,193.2232914
2,MVO,187.1964767
3,PSO,187.3023459000001
