,Dataset,Run_Time
0,iris,25.9174696
1,aggregation,124.22336539999999
2,banknote,310.1230706
3,balance,94.70318490000005
4,ecoli,49.30280520000008
5,smiley,73.68556990000002
