,Optimizer,Run_Time
0,SSA,34.3647153
1,GWO,24.941246
2,MVO,28.702739899999997
3,PSO,26.539210299999993
