,Dataset,Run_Time
0,Iris,10.500774699999965
1,aggregation,14.09450030000005
2,banknote,12.91685469999993
3,balance,11.266949799999907
4,ecoli,13.30811749999998
5,smiley,10.499367499999948
